Workbook

Sheet Source_Register
A1: Source ID | B1: Dataset | C1: Reporting year | D1: Publisher | E1: Data as at | F1: Download date | G1: File name | H1: Used for
A2: S1 | B2: Greenhouse and energy information by registered corporation | C2: 2022-23 | D2: Clean Energy Regulator | E2: 45350 | F2: 46194 | G2: greenhouse-and-energy-information-registered-corporation-2022-23.xlsx | H2: Company emissions trends
A3: S2 | B3: Greenhouse and energy information by registered corporation | C3: 2023-24 | D3: Clean Energy Regulator | E3: 45716 | F3: 46194 | G3: greenhouse-and-energy-information-registered-corporation-2023-24.xlsx | H3: Company emissions trends
A4: S3 | B4: Greenhouse and energy information by registered corporation | C4: 2024-25 | D4: Clean Energy Regulator | E4: 46080 | F4: 46194 | G4: greenhouse-and-energy-information-registered-corporation-2024-25.xlsx | H4: Company emissions trends
A5: S4 | B5: Greenhouse and energy information by designated generation facility | C5: 2023-24 | D5: Clean Energy Regulator | E5: 45716 | F5: 46194 | G5: greenhouse-and-energy-information-designated-generation-facility-2023-24.xlsx | H5: SA generation intensity
A6: S5 | B6: Greenhouse and energy information by designated generation facility | C6: 2024-25 | D6: Clean Energy Regulator | E6: 46080 | F6: 46194 | G6: greenhouse-and-energy-information-designated-generation-facility-2024-25.xlsx | H6: SA generation intensity

Sheet Combined_Corporate
A1: Organisation name | B1: Identifying details | C1: Total scope 1 emissions (t CO2-e) | D1: Total scope 2 emissions (t CO2-e) | E1: Net energy consumed (GJ) | F1: Important notes | G1: Year
A2: AGL ENERGY LIMITED | B2: 74 115 061 375 | C2: 34800071 | D2: 441624 | E2: 267795359 | F2: - | G2: 2022-23
A3: STANWELL CORPORATION LIMITED | B3: 37 078 848 674 | C3: 18286350 | D3: 51219 | E3: 133689521 | F3: - | G3: 2022-23
A4: ENERGYAUSTRALIA HOLDINGS LIMITED | B4: 57 101 876 135 | C4: 17383708 | D4: 182649 | E4: 140570913 | F4: - | G4: 2022-23
A5: ORIGIN ENERGY LIMITED | B5: 30 000 051 696 | C5: 13677347 | D5: 2235097 | E5: 121640735 | F5: - | G5: 2022-23
A6: CHEVRON AUSTRALIA HOLDINGS PTY LTD | B6: 60 098 079 344 | C6: 12046674 | D6: 1858 | E6: 138599240 | F6: - | G6: 2022-23
A7: PIONEER SAIL HOLDINGS PTY LIMITED | B7: 45 617 844 569 | C7: 10855757 | D7: 8718 | E7: 90179681 | F7: - | G7: 2022-23
A8: WOODSIDE ENERGY GROUP LTD | B8: 55 004 898 962 | C8: 9270533 | D8: 5162 | E8: 144015162 | F8: - | G8: 2022-23
A9: C S ENERGY LIMITED | B9: 54 078 848 745 | C9: 8727629 | D9: 30043 | E9: 62575388 | F9: Please note that where more than one person has operational control over a facility at the same time and no nomination of operational control has been made, data for the facility for the entire period must be reported by the controlling corporation of each entity with operational control. This results in the same facility being reported multiple times. C S ENERGY LIMITED and GENUITY PTY LTD, have each included the same data for the Callide C Power Station in their NGER reports. For further information refer to the 2022–23 Greenhouse and energy information for designated generation facilities. | G9: 2022-23
A10: RIO TINTO LIMITED | B10: 96 004 458 404 | C10: 7607328 | D10: 7145119 | E10: 147581376 | F10: - | G10: 2022-23
A11: SEV.EN GLOBAL INVESTMENTS PTY LTD | B11: 52 661 272 233 | C11: 6914264 | D11: 73144 | E11: 46840771 | F11: - | G11: 2022-23
A12: SOUTH32 LIMITED | B12: 84 093 732 597 | C12: 6626970 | D12: 340354 | E12: 54290775 | F12: - | G12: 2022-23
A13: SANTOS LIMITED | B13: 80 007 550 923 | C13: 6473528 | D13: 526620 | E13: 82507803 | F13: - | G13: 2022-23
... A1193: DIGITAL AUSTRALIA INVESTMENT MANAGEMENT PTY LIMITED | B1193: 27 150 294 134 | C1193: 210 | D1193: 69484 | E1193: 365281 | F1193: - | G1193: 2024-25

Sheet Registered corporation 2024-25
A1: Organisation name | B1: Identifying details | C1: Total scope 1 emissions (t CO2-e) | D1: Total scope 2 emissions (t CO2-e) | E1: Net energy consumed (GJ) | F1: Important notes | G1: Year
A2: AGL ENERGY LIMITED | B2: 74 115 061 375 | C2: 30439497 | D2: 247661 | E2: 233755617 | F2: - | G2: 2024-25
A3: ENERGYAUSTRALIA HOLDINGS LIMITED | B3: 57 101 876 135 | C3: 17580946 | D3: 247152 | E3: 141704040 | F3: - | G3: 2024-25
A4: STANWELL CORPORATION LIMITED | B4: 37 078 848 674 | C4: 16229932 | D4: 51049 | E4: 117359330 | F4: - | G4: 2024-25
A5: ORIGIN ENERGY LIMITED | B5: 30 000 051 696 | C5: 15797721 | D5: 2251142.9 | E5: 1.3959341e+08 | F5: - | G5: 2024-25
A6: CHEVRON AUSTRALIA HOLDINGS PTY LTD | B6: 60 098 079 344 | C6: 13067963 | D6: 1354 | E6: 148952943 | F6: - | G6: 2024-25
A7: PIONEER SAIL HOLDINGS PTY LIMITED | B7: 45 617 844 569 | C7: 10456586 | D7: 5308 | E7: 84483768 | F7: - | G7: 2024-25
A8: C S ENERGY LIMITED | B8: 54 078 848 745 | C8: 10412812 | D8: 82557 | E8: 73834236 | F8: Please note that where more than one person has operational control over a facility at the same time and no nomination of operational control has been made, data for the facility for the entire period must be reported by the controlling corporation of each entity with operational control. This results in the same facility being reported multiple times. C S ENERGY LIMITED and IG POWER HOLDINGS LIMITED, have each included the same data for the Callide C Power Station in their NGER reports. For further information refer to the 2024–25 Greenhouse and energy information for designated generation facilities. | G8: 2024-25
A9: WOODSIDE ENERGY GROUP LTD | B9: 55 004 898 962 | C9: 8178233 | D9: 5443 | E9: 128500073 | F9: - | G9: 2024-25
A10: RIO TINTO LIMITED | B10: 96 004 458 404 | C10: 7413233.9 | D10: 6938447.4 | E10: 1.4513897e+08 | F10: - | G10: 2024-25
A11: NRG VICTORIA I PTY LTD | B11: 26 076 286 578 | C11: 6366079 | D11: 46994 | E11: 48639651 | F11: - | G11: 2024-25
A12: INPEX HOLDINGS AUSTRALIA PTY LTD | B12: 61 150 217 315 | C12: 6255335 | D12: 612 | E12: 69063980 | F12: - | G12: 2024-25
A13: BLUESCOPE STEEL LIMITED | B13: 16 000 011 058 | C13: 6223931 | D13: 786480.54 | E13: 73728065 | F13: - | G13: 2024-25
... A399: DIGITAL AUSTRALIA INVESTMENT MANAGEMENT PTY LIMITED | B399: 27 150 294 134 | C399: 210 | D399: 69484 | E399: 365281 | F399: - | G399: 2024-25
G400: 2024-25
G401: 2024-25
G402: 2024-25
G403: 2024-25
G404: 2024-25
G405: 2024-25
G406: 2024-25
G407: 2024-25
G408: 2024-25
G409: 2024-25
G410: 2024-25
G411: 2024-25
... G415: 2024-25

Sheet Registered corporation 2023-24
A1: Organisation name | B1: Identifying details | C1: Total scope 1 emissions (t CO2-e) | D1: Total scope 2 emissions (t CO2-e) | E1: Net energy consumed (GJ) | F1: Important notes | G1: Year
A2: AGL ENERGY LIMITED | B2: 74 115 061 375 | C2: 32911665 | D2: 264424 | E2: 254251076 | F2: - | G2: 2023-24
A3: STANWELL CORPORATION LIMITED | B3: 37 078 848 674 | C3: 17865749 | D3: 52790 | E3: 129391568 | F3: - | G3: 2023-24
A4: ENERGYAUSTRALIA HOLDINGS LIMITED | B4: 57 101 876 135 | C4: 16473489 | D4: 198921 | E4: 132020290 | F4: - | G4: 2023-24
A5: ORIGIN ENERGY LIMITED | B5: 30 000 051 696 | C5: 15563946 | D5: 2200940 | E5: 136297764 | F5: - | G5: 2023-24
A6: CHEVRON AUSTRALIA HOLDINGS PTY LTD | B6: 60 098 079 344 | C6: 12928601 | D6: 1863 | E6: 141585993 | F6: - | G6: 2023-24
A7: PIONEER SAIL HOLDINGS PTY LIMITED | B7: 45 617 844 569 | C7: 10333400 | D7: 7149 | E7: 83784882 | F7: - | G7: 2023-24
A8: C S ENERGY LIMITED | B8: 54 078 848 745 | C8: 9200731 | D8: 38117 | E8: 66369053 | F8: Please note that where more than one person has operational control over a facility at the same time and no nomination of operational control has been made, data for the facility for the entire period must be reported by the controlling corporation of each entity with operational control. This results in the same facility being reported multiple times. C S ENERGY LIMITED and GENUITY PTY LTD, have each included the same data for the Callide C Power Station in their NGER reports. For further information refer to the 2023–24 Greenhouse and energy information for designated generation facilities. | G8: 2023-24
A9: WOODSIDE ENERGY GROUP LTD | B9: 55 004 898 962 | C9: 8421985 | D9: 5330 | E9: 132572647 | F9: - | G9: 2023-24
A10: RIO TINTO LIMITED | B10: 96 004 458 404 | C10: 7564804 | D10: 7075886 | E10: 148703367 | F10: - | G10: 2023-24
A11: SEV.EN GLOBAL INVESTMENTS PTY LTD | B11: 52 661 272 233 | C11: 7056948 | D11: 74809 | E11: 48154210 | F11: - | G11: 2023-24
A12: INPEX HOLDINGS AUSTRALIA PTY LTD | B12: 61 150 217 315 | C12: 6698961 | D12: 619 | E12: 70839801 | F12: - | G12: 2023-24
A13: NRG VICTORIA I PTY LTD | B13: 26 076 286 578 | C13: 6492467 | D13: 46061 | E13: 49134660 | F13: - | G13: 2023-24
... A393: DIGITAL AUSTRALIA INVESTMENT MANAGEMENT PTY LIMITED | B393: 27 150 294 134 | C393: 138 | D393: 63900 | E393: 322737 | F393: - | G393: 2023-24
G394: 2023-24
G395: 2023-24
G396: 2023-24
G397: 2023-24
G398: 2023-24
G399: 2023-24
G400: 2023-24
G401: 2023-24
G402: 2023-24
G403: 2023-24
G404: 2023-24
G405: 2023-24
... G415: 2023-24

Sheet Registered corporation 2022-23
A1: Organisation name | B1: Identifying details | C1: Total scope 1 emissions (t CO2-e) | D1: Total scope 2 emissions (t CO2-e) | E1: Net energy consumed (GJ) | F1: Important notes | G1: Year
A2: AGL ENERGY LIMITED | B2: 74 115 061 375 | C2: 34800071 | D2: 441624 | E2: 267795359 | F2: - | G2: 2022-23
A3: STANWELL CORPORATION LIMITED | B3: 37 078 848 674 | C3: 18286350 | D3: 51219 | E3: 133689521 | F3: - | G3: 2022-23
A4: ENERGYAUSTRALIA HOLDINGS LIMITED | B4: 57 101 876 135 | C4: 17383708 | D4: 182649 | E4: 140570913 | F4: - | G4: 2022-23
A5: ORIGIN ENERGY LIMITED | B5: 30 000 051 696 | C5: 13677347 | D5: 2235097 | E5: 121640735 | F5: - | G5: 2022-23
A6: CHEVRON AUSTRALIA HOLDINGS PTY LTD | B6: 60 098 079 344 | C6: 12046674 | D6: 1858 | E6: 138599240 | F6: - | G6: 2022-23
A7: PIONEER SAIL HOLDINGS PTY LIMITED | B7: 45 617 844 569 | C7: 10855757 | D7: 8718 | E7: 90179681 | F7: - | G7: 2022-23
A8: WOODSIDE ENERGY GROUP LTD | B8: 55 004 898 962 | C8: 9270533 | D8: 5162 | E8: 144015162 | F8: - | G8: 2022-23
A9: C S ENERGY LIMITED | B9: 54 078 848 745 | C9: 8727629 | D9: 30043 | E9: 62575388 | F9: Please note that where more than one person has operational control over a facility at the same time and no nomination of operational control has been made, data for the facility for the entire period must be reported by the controlling corporation of each entity with operational control. This results in the same facility being reported multiple times. C S ENERGY LIMITED and GENUITY PTY LTD, have each included the same data for the Callide C Power Station in their NGER reports. For further information refer to the 2022–23 Greenhouse and energy information for designated generation facilities. | G9: 2022-23
A10: RIO TINTO LIMITED | B10: 96 004 458 404 | C10: 7607328 | D10: 7145119 | E10: 147581376 | F10: - | G10: 2022-23
A11: SEV.EN GLOBAL INVESTMENTS PTY LTD | B11: 52 661 272 233 | C11: 6914264 | D11: 73144 | E11: 46840771 | F11: - | G11: 2022-23
A12: SOUTH32 LIMITED | B12: 84 093 732 597 | C12: 6626970 | D12: 340354 | E12: 54290775 | F12: - | G12: 2022-23
A13: SANTOS LIMITED | B13: 80 007 550 923 | C13: 6473528 | D13: 526620 | E13: 82507803 | F13: - | G13: 2022-23
... A403: LINEAGE AP HOLDINGS PTY LTD | B403: 27 637 083 544 | C403: 0 | D403: 79337 | E403: 395238 | F403: - | G403: 2022-23
G404: 2022-23
G405: 2022-23
G406: 2022-23
G407: 2022-23
G408: 2022-23
G409: 2022-23
G410: 2022-23
G411: 2022-23
G412: 2022-23
G413: 2022-23
G414: 2022-23
G415: 2022-23

Sheet Data_QA
A1: Check | B1: Result | C1: Expected | D1: Status
A2: Rows 2022-23 | B2: =COUNTIF(Combined_Corporate[Year],"2022-23") -> 402 | C2: 402 | D2: =IF(ROUND(B2,0)=C2,"PASS","CHECK") -> PASS
A3: Rows 2023-24 | B3: =COUNTIF(Combined_Corporate[Year],"2023-24") -> 392 | C3: 392 | D3: =IF(ROUND(B3,0)=C3,"PASS","CHECK") -> PASS
A4: Rows 2024-25 | B4: =COUNTIF(Combined_Corporate[Year],"2024-25") -> 398 | C4: 398 | D4: =IF(ROUND(B4,0)=C4,"PASS","CHECK") -> PASS
A5: Total rows | B5: =ROWS(Combined_Corporate[Organisation name]) -> 1192 | C5: 1192 | D5: =IF(ROUND(B5,0)=C5,"PASS","CHECK") -> PASS
A6: Blank organisation names | B6: =COUNTBLANK(Combined_Corporate[Organisation name]) -> 0 | C6: 0 | D6: =IF(ROUND(B6,0)=C6,"PASS","CHECK") -> PASS
A7: Duplicate organisation in same year | B7: {=ROWS(Combined_Corporate[Organisation name])-ROWS(_xlfn.UNIQUE(Combined_Corporate[Organisation name]&"|"&Combined_Corporate[Year]))} -> 0 | C7: 0 | D7: =IF(ROUND(B7,0)=C7,"PASS","CHECK") -> PASS
A8: Non-numeric Scope 1 values | B8: {=SUMPRODUCT(--NOT(ISNUMBER(Combined_Corporate[Total scope 1 emissions (t CO2-e)])))} -> 0 | C8: 0 | D8: =IF(ROUND(B8,0)=C8,"PASS","CHECK") -> PASS
A9: Negative Scope 1 or 2 values | B9: =COUNTIF(Combined_Corporate[Total scope 1 emissions (t CO2-e)],"<0")+COUNTIF(Combined_Corporate[Total scope 2 emissions (t CO2-e)],"<0") -> 0 | C9: 0 | D9: =IF(ROUND(B9,0)=C9,"PASS","CHECK") -> PASS
A10: Scope 1 total 2024-25 (t CO2-e) | B10: =SUMIFS(Combined_Corporate[Total scope 1 emissions (t CO2-e)],Combined_Corporate[Year],"2024-25") -> 2.9462454e+08 | C10: 294624539 | D10: =IF(ROUND(B10,0)=C10,"PASS","CHECK") -> PASS
A11: Scope 2 total 2024-25 (t CO2-e) | B11: =SUMIFS(Combined_Corporate[Total scope 2 emissions (t CO2-e)],Combined_Corporate[Year],"2024-25") -> 68831147 | C11: 68831147 | D11: =IF(ROUND(B11,0)=C11,"PASS","CHECK") -> PASS
A12: Records with an Important note | B12: =COUNTIF(Combined_Corporate[Important notes],"<>-") -> 6 | C12: 6 | D12: =IF(ROUND(B12,0)=C12,"PASS","CHECK") -> PASS

Sheet Reconciliation_Log
A1: ID | B1: Dataset | C1: Issue | D1: Original value | E1: Corrected value | F1: Difference | G1: Reason | H1: Resolution
A2: R1 | B2: Corporate 2022-23 to 2024-25 | C2: Blank rows imported | D2: 1,242 rows | E2: 1,192 rows | F2: 50 rows | G2: Source files contain blank formatted rows below the data (12, 22 and 16 per year) | H2: Filtered out blank organisation names in Power Query
A3: R2 | B3: Corporate 2024-25 | C3: Decimal values reported | D3: 68,831,147.2 t (Scope 2 total) | E3: 68,831,147 t | F3: 0.2 t | G3: Some 2024-25 values are reported to two decimals (e.g. Origin Energy Scope 2), unlike earlier years | H3: Kept source values; totals rounded to whole tonnes for reporting
A4: R3 | B4: Corporate and facility, all years | C4: Same facility reported twice | D4: Callide C Power Station in two corporations’ totals | E4: Flagged, not removed | F4: 4,195,086 MWh duplicated in 2024-25 facility totals | G4: Joint operational control with no nomination (as stated in the CER Important notes) | H4: Noted; facility analysis will remove the duplicate Callide C row
A5: R4 | B5: Corporate 2022-23 vs 2023-24 | C5: Entity name and ABN change | D5: NSW ELECTRICITY NETWORKS OPERATIONS PTY LIMITED (ABN 609 169 959) | E5: NSW ELECTRICITY NETWORKS OPERATIONS HOLDINGS PTY LTD (ABN 609 266 033) | F5: Different ABN | G5: Transgrid reporting entity changed between years | H5: Matched manually for trend analysis; flagged as a limitation
A6: R5 | B6: Facility 2024-25 | C6: Emission intensity rounded | D6: Published to 2 decimal places (e.g. 0.00) | E6: Recalculated as Scope 1 emissions ÷ MWh (CER definition) | F6: Precision loss in published column | G6: Format changed from 2023-24 (6+ decimals) | H6: Use recalculated intensity, not the published column
A7: R6 | B7: Facility 2023-24 and 2024-25 | C7: Corporate total rows mixed with facilities | D7: Type “C” (Corporate Total) rows included | E7: Use Type “F” rows only | F7: 139–151 rows per year | G7: File includes both facility-level and corporate-total rows | H7: Filter Type = F before summing to avoid double counting

Sheet Company_Trends
A1: Company | B1: State | C1: Match name | D1: Metric | E1: 2022-23 | F1: 2023-24 | G1: 2024-25 | H1: Change 2023-24 | I1: Change 2024-25 | J1: 2-year change | K1: Finding (fact) | L1: Supporting evidence | M1: Follow-up question for management
A2: ElectraNet | B2: SA | C2: ELECTRANET* | D2: Scope 1 | E2: =IF($D2="Scope 1",SUMIFS(Combined_Corporate[Total scope 1 emissions (t CO2-e)],Combined_Corporate[Organisation name],$C2,Combined_Corporate[Year],E$1),IF($D2="Scope 2",SUMIFS(Combined_Corporate[Total scope 2 emissions (t CO2-e)],Combined_Corporate[Organisation name],$C2,Combined_Corporate[Year],E$1),SUMIFS(Combined_Corporate[Total scope 1 emissions (t CO2-e)],Combined_Corporate[Organisation name],$C2,Combined_Corporate[Year],E$1)+SUMIFS(Combined_Corporate[Total scope 2 emissions (t CO2-e)],Combined_Corporate[Organisation name],$C2,Combined_Corporate[Year],E$1))) -> 2733 | F2: =IF($D2="Scope 1",SUMIFS(Combined_Corporate[Total scope 1 emissions (t CO2-e)],Combined_Corporate[Organisation name],$C2,Combined_Corporate[Year],F$1),IF($D2="Scope 2",SUMIFS(Combined_Corporate[Total scope 2 emissions (t CO2-e)],Combined_Corporate[Organisation name],$C2,Combined_Corporate[Year],F$1),SUMIFS(Combined_Corporate[Total scope 1 emissions (t CO2-e)],Combined_Corporate[Organisation name],$C2,Combined_Corporate[Year],F$1)+SUMIFS(Combined_Corporate[Total scope 2 emissions (t CO2-e)],Combined_Corporate[Organisation name],$C2,Combined_Corporate[Year],F$1))) -> 3478 | G2: =IF($D2="Scope 1",SUMIFS(Combined_Corporate[Total scope 1 emissions (t CO2-e)],Combined_Corporate[Organisation name],$C2,Combined_Corporate[Year],G$1),IF($D2="Scope 2",SUMIFS(Combined_Corporate[Total scope 2 emissions (t CO2-e)],Combined_Corporate[Organisation name],$C2,Combined_Corporate[Year],G$1),SUMIFS(Combined_Corporate[Total scope 1 emissions (t CO2-e)],Combined_Corporate[Organisation name],$C2,Combined_Corporate[Year],G$1)+SUMIFS(Combined_Corporate[Total scope 2 emissions (t CO2-e)],Combined_Corporate[Organisation name],$C2,Combined_Corporate[Year],G$1))) -> 4644 | H2: =F2/E2-1 -> 0.27259422 | I2: =G2/F2-1 -> 0.33525014 | J2: =G2/E2-1 -> 0.69923161 | K2: Scope 1 rose 69.9% over two years (2,733 to 4,644 t CO2-e). | L2: Reported NGER values. The dataset does not state the cause. | M2: Which sources drove the Scope 1 increase, and is it expected to continue?
A3: ElectraNet | B3: SA | C3: ELECTRANET* | D3: Scope 2 | E3: =IF($D3="Scope 1",SUMIFS(Combined_Corporate[Total scope 1 emissions (t CO2-e)],Combined_Corporate[Organisation name],$C3,Combined_Corporate[Year],E$1),IF($D3="Scope 2",SUMIFS(Combined_Corporate[Total scope 2 emissions (t CO2-e)],Combined_Corporate[Organisation name],$C3,Combined_Corporate[Year],E$1),SUMIFS(Combined_Corporate[Total scope 1 emissions (t CO2-e)],Combined_Corporate[Organisation name],$C3,Combined_Corporate[Year],E$1)+SUMIFS(Combined_Corporate[Total scope 2 emissions (t CO2-e)],Combined_Corporate[Organisation name],$C3,Combined_Corporate[Year],E$1))) -> 115967 | F3: =IF($D3="Scope 1",SUMIFS(Combined_Corporate[Total scope 1 emissions (t CO2-e)],Combined_Corporate[Organisation name],$C3,Combined_Corporate[Year],F$1),IF($D3="Scope 2",SUMIFS(Combined_Corporate[Total scope 2 emissions (t CO2-e)],Combined_Corporate[Organisation name],$C3,Combined_Corporate[Year],F$1),SUMIFS(Combined_Corporate[Total scope 1 emissions (t CO2-e)],Combined_Corporate[Organisation name],$C3,Combined_Corporate[Year],F$1)+SUMIFS(Combined_Corporate[Total scope 2 emissions (t CO2-e)],Combined_Corporate[Organisation name],$C3,Combined_Corporate[Year],F$1))) -> 106344 | G3: =IF($D3="Scope 1",SUMIFS(Combined_Corporate[Total scope 1 emissions (t CO2-e)],Combined_Corporate[Organisation name],$C3,Combined_Corporate[Year],G$1),IF($D3="Scope 2",SUMIFS(Combined_Corporate[Total scope 2 emissions (t CO2-e)],Combined_Corporate[Organisation name],$C3,Combined_Corporate[Year],G$1),SUMIFS(Combined_Corporate[Total scope 1 emissions (t CO2-e)],Combined_Corporate[Organisation name],$C3,Combined_Corporate[Year],G$1)+SUMIFS(Combined_Corporate[Total scope 2 emissions (t CO2-e)],Combined_Corporate[Organisation name],$C3,Combined_Corporate[Year],G$1))) -> 103279 | H3: =F3/E3-1 -> -0.082980503 | I3: =G3/F3-1 -> -0.02882156 | J3: =G3/E3-1 -> -0.10941044 | K3: Scope 2 fell 10.9% over two years (115,967 to 103,279 t CO2-e). | L3: Reported NGER values. Scope 2 made up 95.7% of total emissions in 2024-25. | M3: Is the fall driven by lower electricity use or losses, or by lower grid emission factors?
A4: ElectraNet | B4: SA | C4: ELECTRANET* | D4: Total | E4: =IF($D4="Scope 1",SUMIFS(Combined_Corporate[Total scope 1 emissions (t CO2-e)],Combined_Corporate[Organisation name],$C4,Combined_Corporate[Year],E$1),IF($D4="Scope 2",SUMIFS(Combined_Corporate[Total scope 2 emissions (t CO2-e)],Combined_Corporate[Organisation name],$C4,Combined_Corporate[Year],E$1),SUMIFS(Combined_Corporate[Total scope 1 emissions (t CO2-e)],Combined_Corporate[Organisation name],$C4,Combined_Corporate[Year],E$1)+SUMIFS(Combined_Corporate[Total scope 2 emissions (t CO2-e)],Combined_Corporate[Organisation name],$C4,Combined_Corporate[Year],E$1))) -> 118700 | F4: =IF($D4="Scope 1",SUMIFS(Combined_Corporate[Total scope 1 emissions (t CO2-e)],Combined_Corporate[Organisation name],$C4,Combined_Corporate[Year],F$1),IF($D4="Scope 2",SUMIFS(Combined_Corporate[Total scope 2 emissions (t CO2-e)],Combined_Corporate[Organisation name],$C4,Combined_Corporate[Year],F$1),SUMIFS(Combined_Corporate[Total scope 1 emissions (t CO2-e)],Combined_Corporate[Organisation name],$C4,Combined_Corporate[Year],F$1)+SUMIFS(Combined_Corporate[Total scope 2 emissions (t CO2-e)],Combined_Corporate[Organisation name],$C4,Combined_Corporate[Year],F$1))) -> 109822 | G4: =IF($D4="Scope 1",SUMIFS(Combined_Corporate[Total scope 1 emissions (t CO2-e)],Combined_Corporate[Organisation name],$C4,Combined_Corporate[Year],G$1),IF($D4="Scope 2",SUMIFS(Combined_Corporate[Total scope 2 emissions (t CO2-e)],Combined_Corporate[Organisation name],$C4,Combined_Corporate[Year],G$1),SUMIFS(Combined_Corporate[Total scope 1 emissions (t CO2-e)],Combined_Corporate[Organisation name],$C4,Combined_Corporate[Year],G$1)+SUMIFS(Combined_Corporate[Total scope 2 emissions (t CO2-e)],Combined_Corporate[Organisation name],$C4,Combined_Corporate[Year],G$1))) -> 107923 | H4: =F4/E4-1 -> -0.074793597 | I4: =G4/F4-1 -> -0.017291617 | J4: =G4/E4-1 -> -0.090791912 | K4: Total emissions fell 9.1% over two years, while the Scope 1 share rose from 2.3% to 4.3%. | L4: Calculated from rows 2 and 3. | M4: Should Scope 1 reduction actions be prioritised as Scope 2 continues to fall?
A5: Transgrid | B5: NSW | C5: NSW ELECTRICITY NETWORKS OPERATIONS* | D5: Scope 1 | E5: =IF($D5="Scope 1",SUMIFS(Combined_Corporate[Total scope 1 emissions (t CO2-e)],Combined_Corporate[Organisation name],$C5,Combined_Corporate[Year],E$1),IF($D5="Scope 2",SUMIFS(Combined_Corporate[Total scope 2 emissions (t CO2-e)],Combined_Corporate[Organisation name],$C5,Combined_Corporate[Year],E$1),SUMIFS(Combined_Corporate[Total scope 1 emissions (t CO2-e)],Combined_Corporate[Organisation name],$C5,Combined_Corporate[Year],E$1)+SUMIFS(Combined_Corporate[Total scope 2 emissions (t CO2-e)],Combined_Corporate[Organisation name],$C5,Combined_Corporate[Year],E$1))) -> 10358 | F5: =IF($D5="Scope 1",SUMIFS(Combined_Corporate[Total scope 1 emissions (t CO2-e)],Combined_Corporate[Organisation name],$C5,Combined_Corporate[Year],F$1),IF($D5="Scope 2",SUMIFS(Combined_Corporate[Total scope 2 emissions (t CO2-e)],Combined_Corporate[Organisation name],$C5,Combined_Corporate[Year],F$1),SUMIFS(Combined_Corporate[Total scope 1 emissions (t CO2-e)],Combined_Corporate[Organisation name],$C5,Combined_Corporate[Year],F$1)+SUMIFS(Combined_Corporate[Total scope 2 emissions (t CO2-e)],Combined_Corporate[Organisation name],$C5,Combined_Corporate[Year],F$1))) -> 5680 | G5: =IF($D5="Scope 1",SUMIFS(Combined_Corporate[Total scope 1 emissions (t CO2-e)],Combined_Corporate[Organisation name],$C5,Combined_Corporate[Year],G$1),IF($D5="Scope 2",SUMIFS(Combined_Corporate[Total scope 2 emissions (t CO2-e)],Combined_Corporate[Organisation name],$C5,Combined_Corporate[Year],G$1),SUMIFS(Combined_Corporate[Total scope 1 emissions (t CO2-e)],Combined_Corporate[Organisation name],$C5,Combined_Corporate[Year],G$1)+SUMIFS(Combined_Corporate[Total scope 2 emissions (t CO2-e)],Combined_Corporate[Organisation name],$C5,Combined_Corporate[Year],G$1))) -> 21126 | H5: =F5/E5-1 -> -0.45163159 | I5: =G5/F5-1 -> 2.7193662 | J5: =G5/E5-1 -> 1.0395829
A6: Transgrid | B6: NSW | C6: NSW ELECTRICITY NETWORKS OPERATIONS* | D6: Scope 2 | E6: =IF($D6="Scope 1",SUMIFS(Combined_Corporate[Total scope 1 emissions (t CO2-e)],Combined_Corporate[Organisation name],$C6,Combined_Corporate[Year],E$1),IF($D6="Scope 2",SUMIFS(Combined_Corporate[Total scope 2 emissions (t CO2-e)],Combined_Corporate[Organisation name],$C6,Combined_Corporate[Year],E$1),SUMIFS(Combined_Corporate[Total scope 1 emissions (t CO2-e)],Combined_Corporate[Organisation name],$C6,Combined_Corporate[Year],E$1)+SUMIFS(Combined_Corporate[Total scope 2 emissions (t CO2-e)],Combined_Corporate[Organisation name],$C6,Combined_Corporate[Year],E$1))) -> 1251885 | F6: =IF($D6="Scope 1",SUMIFS(Combined_Corporate[Total scope 1 emissions (t CO2-e)],Combined_Corporate[Organisation name],$C6,Combined_Corporate[Year],F$1),IF($D6="Scope 2",SUMIFS(Combined_Corporate[Total scope 2 emissions (t CO2-e)],Combined_Corporate[Organisation name],$C6,Combined_Corporate[Year],F$1),SUMIFS(Combined_Corporate[Total scope 1 emissions (t CO2-e)],Combined_Corporate[Organisation name],$C6,Combined_Corporate[Year],F$1)+SUMIFS(Combined_Corporate[Total scope 2 emissions (t CO2-e)],Combined_Corporate[Organisation name],$C6,Combined_Corporate[Year],F$1))) -> 1668140 | G6: =IF($D6="Scope 1",SUMIFS(Combined_Corporate[Total scope 1 emissions (t CO2-e)],Combined_Corporate[Organisation name],$C6,Combined_Corporate[Year],G$1),IF($D6="Scope 2",SUMIFS(Combined_Corporate[Total scope 2 emissions (t CO2-e)],Combined_Corporate[Organisation name],$C6,Combined_Corporate[Year],G$1),SUMIFS(Combined_Corporate[Total scope 1 emissions (t CO2-e)],Combined_Corporate[Organisation name],$C6,Combined_Corporate[Year],G$1)+SUMIFS(Combined_Corporate[Total scope 2 emissions (t CO2-e)],Combined_Corporate[Organisation name],$C6,Combined_Corporate[Year],G$1))) -> 1364556 | H6: =F6/E6-1 -> 0.33250259 | I6: =G6/F6-1 -> -0.18198952 | J6: =G6/E6-1 -> 0.090001078
A7: Transgrid | B7: NSW | C7: NSW ELECTRICITY NETWORKS OPERATIONS* | D7: Total | E7: =IF($D7="Scope 1",SUMIFS(Combined_Corporate[Total scope 1 emissions (t CO2-e)],Combined_Corporate[Organisation name],$C7,Combined_Corporate[Year],E$1),IF($D7="Scope 2",SUMIFS(Combined_Corporate[Total scope 2 emissions (t CO2-e)],Combined_Corporate[Organisation name],$C7,Combined_Corporate[Year],E$1),SUMIFS(Combined_Corporate[Total scope 1 emissions (t CO2-e)],Combined_Corporate[Organisation name],$C7,Combined_Corporate[Year],E$1)+SUMIFS(Combined_Corporate[Total scope 2 emissions (t CO2-e)],Combined_Corporate[Organisation name],$C7,Combined_Corporate[Year],E$1))) -> 1262243 | F7: =IF($D7="Scope 1",SUMIFS(Combined_Corporate[Total scope 1 emissions (t CO2-e)],Combined_Corporate[Organisation name],$C7,Combined_Corporate[Year],F$1),IF($D7="Scope 2",SUMIFS(Combined_Corporate[Total scope 2 emissions (t CO2-e)],Combined_Corporate[Organisation name],$C7,Combined_Corporate[Year],F$1),SUMIFS(Combined_Corporate[Total scope 1 emissions (t CO2-e)],Combined_Corporate[Organisation name],$C7,Combined_Corporate[Year],F$1)+SUMIFS(Combined_Corporate[Total scope 2 emissions (t CO2-e)],Combined_Corporate[Organisation name],$C7,Combined_Corporate[Year],F$1))) -> 1673820 | G7: =IF($D7="Scope 1",SUMIFS(Combined_Corporate[Total scope 1 emissions (t CO2-e)],Combined_Corporate[Organisation name],$C7,Combined_Corporate[Year],G$1),IF($D7="Scope 2",SUMIFS(Combined_Corporate[Total scope 2 emissions (t CO2-e)],Combined_Corporate[Organisation name],$C7,Combined_Corporate[Year],G$1),SUMIFS(Combined_Corporate[Total scope 1 emissions (t CO2-e)],Combined_Corporate[Organisation name],$C7,Combined_Corporate[Year],G$1)+SUMIFS(Combined_Corporate[Total scope 2 emissions (t CO2-e)],Combined_Corporate[Organisation name],$C7,Combined_Corporate[Year],G$1))) -> 1385682 | H7: =F7/E7-1 -> 0.32606796 | I7: =G7/F7-1 -> -0.17214396 | J7: =G7/E7-1 -> 0.097793373 | K7: Total rose 32.6% in 2023-24, then fell 17.2% in 2024-25. | L7: The reporting entity name and ABN changed in 2023-24 (see R4). The movement may reflect a reporting boundary change; this is not confirmed. | M7: Was the 2023-24 increase caused by a change in reporting boundary?
A8: Powerlink | B8: QLD | C8: QUEENSLAND ELECTRICITY TRANSMISSION* | D8: Scope 1 | E8: =IF($D8="Scope 1",SUMIFS(Combined_Corporate[Total scope 1 emissions (t CO2-e)],Combined_Corporate[Organisation name],$C8,Combined_Corporate[Year],E$1),IF($D8="Scope 2",SUMIFS(Combined_Corporate[Total scope 2 emissions (t CO2-e)],Combined_Corporate[Organisation name],$C8,Combined_Corporate[Year],E$1),SUMIFS(Combined_Corporate[Total scope 1 emissions (t CO2-e)],Combined_Corporate[Organisation name],$C8,Combined_Corporate[Year],E$1)+SUMIFS(Combined_Corporate[Total scope 2 emissions (t CO2-e)],Combined_Corporate[Organisation name],$C8,Combined_Corporate[Year],E$1))) -> 19022 | F8: =IF($D8="Scope 1",SUMIFS(Combined_Corporate[Total scope 1 emissions (t CO2-e)],Combined_Corporate[Organisation name],$C8,Combined_Corporate[Year],F$1),IF($D8="Scope 2",SUMIFS(Combined_Corporate[Total scope 2 emissions (t CO2-e)],Combined_Corporate[Organisation name],$C8,Combined_Corporate[Year],F$1),SUMIFS(Combined_Corporate[Total scope 1 emissions (t CO2-e)],Combined_Corporate[Organisation name],$C8,Combined_Corporate[Year],F$1)+SUMIFS(Combined_Corporate[Total scope 2 emissions (t CO2-e)],Combined_Corporate[Organisation name],$C8,Combined_Corporate[Year],F$1))) -> 22399 | G8: =IF($D8="Scope 1",SUMIFS(Combined_Corporate[Total scope 1 emissions (t CO2-e)],Combined_Corporate[Organisation name],$C8,Combined_Corporate[Year],G$1),IF($D8="Scope 2",SUMIFS(Combined_Corporate[Total scope 2 emissions (t CO2-e)],Combined_Corporate[Organisation name],$C8,Combined_Corporate[Year],G$1),SUMIFS(Combined_Corporate[Total scope 1 emissions (t CO2-e)],Combined_Corporate[Organisation name],$C8,Combined_Corporate[Year],G$1)+SUMIFS(Combined_Corporate[Total scope 2 emissions (t CO2-e)],Combined_Corporate[Organisation name],$C8,Combined_Corporate[Year],G$1))) -> 26291 | H8: =F8/E8-1 -> 0.17753128 | I8: =G8/F8-1 -> 0.17375776 | J8: =G8/E8-1 -> 0.38213647
A9: Powerlink | B9: QLD | C9: QUEENSLAND ELECTRICITY TRANSMISSION* | D9: Scope 2 | E9: =IF($D9="Scope 1",SUMIFS(Combined_Corporate[Total scope 1 emissions (t CO2-e)],Combined_Corporate[Organisation name],$C9,Combined_Corporate[Year],E$1),IF($D9="Scope 2",SUMIFS(Combined_Corporate[Total scope 2 emissions (t CO2-e)],Combined_Corporate[Organisation name],$C9,Combined_Corporate[Year],E$1),SUMIFS(Combined_Corporate[Total scope 1 emissions (t CO2-e)],Combined_Corporate[Organisation name],$C9,Combined_Corporate[Year],E$1)+SUMIFS(Combined_Corporate[Total scope 2 emissions (t CO2-e)],Combined_Corporate[Organisation name],$C9,Combined_Corporate[Year],E$1))) -> 897970 | F9: =IF($D9="Scope 1",SUMIFS(Combined_Corporate[Total scope 1 emissions (t CO2-e)],Combined_Corporate[Organisation name],$C9,Combined_Corporate[Year],F$1),IF($D9="Scope 2",SUMIFS(Combined_Corporate[Total scope 2 emissions (t CO2-e)],Combined_Corporate[Organisation name],$C9,Combined_Corporate[Year],F$1),SUMIFS(Combined_Corporate[Total scope 1 emissions (t CO2-e)],Combined_Corporate[Organisation name],$C9,Combined_Corporate[Year],F$1)+SUMIFS(Combined_Corporate[Total scope 2 emissions (t CO2-e)],Combined_Corporate[Organisation name],$C9,Combined_Corporate[Year],F$1))) -> 885734 | G9: =IF($D9="Scope 1",SUMIFS(Combined_Corporate[Total scope 1 emissions (t CO2-e)],Combined_Corporate[Organisation name],$C9,Combined_Corporate[Year],G$1),IF($D9="Scope 2",SUMIFS(Combined_Corporate[Total scope 2 emissions (t CO2-e)],Combined_Corporate[Organisation name],$C9,Combined_Corporate[Year],G$1),SUMIFS(Combined_Corporate[Total scope 1 emissions (t CO2-e)],Combined_Corporate[Organisation name],$C9,Combined_Corporate[Year],G$1)+SUMIFS(Combined_Corporate[Total scope 2 emissions (t CO2-e)],Combined_Corporate[Organisation name],$C9,Combined_Corporate[Year],G$1))) -> 888240 | H9: =F9/E9-1 -> -0.01362629 | I9: =G9/F9-1 -> 0.0028292919 | J9: =G9/E9-1 -> -0.010835551
A10: Powerlink | B10: QLD | C10: QUEENSLAND ELECTRICITY TRANSMISSION* | D10: Total | E10: =IF($D10="Scope 1",SUMIFS(Combined_Corporate[Total scope 1 emissions (t CO2-e)],Combined_Corporate[Organisation name],$C10,Combined_Corporate[Year],E$1),IF($D10="Scope 2",SUMIFS(Combined_Corporate[Total scope 2 emissions (t CO2-e)],Combined_Corporate[Organisation name],$C10,Combined_Corporate[Year],E$1),SUMIFS(Combined_Corporate[Total scope 1 emissions (t CO2-e)],Combined_Corporate[Organisation name],$C10,Combined_Corporate[Year],E$1)+SUMIFS(Combined_Corporate[Total scope 2 emissions (t CO2-e)],Combined_Corporate[Organisation name],$C10,Combined_Corporate[Year],E$1))) -> 916992 | F10: =IF($D10="Scope 1",SUMIFS(Combined_Corporate[Total scope 1 emissions (t CO2-e)],Combined_Corporate[Organisation name],$C10,Combined_Corporate[Year],F$1),IF($D10="Scope 2",SUMIFS(Combined_Corporate[Total scope 2 emissions (t CO2-e)],Combined_Corporate[Organisation name],$C10,Combined_Corporate[Year],F$1),SUMIFS(Combined_Corporate[Total scope 1 emissions (t CO2-e)],Combined_Corporate[Organisation name],$C10,Combined_Corporate[Year],F$1)+SUMIFS(Combined_Corporate[Total scope 2 emissions (t CO2-e)],Combined_Corporate[Organisation name],$C10,Combined_Corporate[Year],F$1))) -> 908133 | G10: =IF($D10="Scope 1",SUMIFS(Combined_Corporate[Total scope 1 emissions (t CO2-e)],Combined_Corporate[Organisation name],$C10,Combined_Corporate[Year],G$1),IF($D10="Scope 2",SUMIFS(Combined_Corporate[Total scope 2 emissions (t CO2-e)],Combined_Corporate[Organisation name],$C10,Combined_Corporate[Year],G$1),SUMIFS(Combined_Corporate[Total scope 1 emissions (t CO2-e)],Combined_Corporate[Organisation name],$C10,Combined_Corporate[Year],G$1)+SUMIFS(Combined_Corporate[Total scope 2 emissions (t CO2-e)],Combined_Corporate[Organisation name],$C10,Combined_Corporate[Year],G$1))) -> 914531 | H10: =F10/E10-1 -> -0.0096609349 | I10: =G10/F10-1 -> 0.0070452236 | J10: =G10/E10-1 -> -0.0026837748 | K10: Total emissions were stable, within ±1% each year. | L10: Reported NGER values.
A11: TasNetworks | B11: TAS | C11: TASMANIAN NETWORKS* | D11: Scope 1 | E11: =IF($D11="Scope 1",SUMIFS(Combined_Corporate[Total scope 1 emissions (t CO2-e)],Combined_Corporate[Organisation name],$C11,Combined_Corporate[Year],E$1),IF($D11="Scope 2",SUMIFS(Combined_Corporate[Total scope 2 emissions (t CO2-e)],Combined_Corporate[Organisation name],$C11,Combined_Corporate[Year],E$1),SUMIFS(Combined_Corporate[Total scope 1 emissions (t CO2-e)],Combined_Corporate[Organisation name],$C11,Combined_Corporate[Year],E$1)+SUMIFS(Combined_Corporate[Total scope 2 emissions (t CO2-e)],Combined_Corporate[Organisation name],$C11,Combined_Corporate[Year],E$1))) -> 7611 | F11: =IF($D11="Scope 1",SUMIFS(Combined_Corporate[Total scope 1 emissions (t CO2-e)],Combined_Corporate[Organisation name],$C11,Combined_Corporate[Year],F$1),IF($D11="Scope 2",SUMIFS(Combined_Corporate[Total scope 2 emissions (t CO2-e)],Combined_Corporate[Organisation name],$C11,Combined_Corporate[Year],F$1),SUMIFS(Combined_Corporate[Total scope 1 emissions (t CO2-e)],Combined_Corporate[Organisation name],$C11,Combined_Corporate[Year],F$1)+SUMIFS(Combined_Corporate[Total scope 2 emissions (t CO2-e)],Combined_Corporate[Organisation name],$C11,Combined_Corporate[Year],F$1))) -> 7769 | G11: =IF($D11="Scope 1",SUMIFS(Combined_Corporate[Total scope 1 emissions (t CO2-e)],Combined_Corporate[Organisation name],$C11,Combined_Corporate[Year],G$1),IF($D11="Scope 2",SUMIFS(Combined_Corporate[Total scope 2 emissions (t CO2-e)],Combined_Corporate[Organisation name],$C11,Combined_Corporate[Year],G$1),SUMIFS(Combined_Corporate[Total scope 1 emissions (t CO2-e)],Combined_Corporate[Organisation name],$C11,Combined_Corporate[Year],G$1)+SUMIFS(Combined_Corporate[Total scope 2 emissions (t CO2-e)],Combined_Corporate[Organisation name],$C11,Combined_Corporate[Year],G$1))) -> 7617 | H11: =F11/E11-1 -> 0.020759427 | I11: =G11/F11-1 -> -0.019564938 | J11: =G11/E11-1 -> 0.00078833268
A12: TasNetworks | B12: TAS | C12: TASMANIAN NETWORKS* | D12: Scope 2 | E12: =IF($D12="Scope 1",SUMIFS(Combined_Corporate[Total scope 1 emissions (t CO2-e)],Combined_Corporate[Organisation name],$C12,Combined_Corporate[Year],E$1),IF($D12="Scope 2",SUMIFS(Combined_Corporate[Total scope 2 emissions (t CO2-e)],Combined_Corporate[Organisation name],$C12,Combined_Corporate[Year],E$1),SUMIFS(Combined_Corporate[Total scope 1 emissions (t CO2-e)],Combined_Corporate[Organisation name],$C12,Combined_Corporate[Year],E$1)+SUMIFS(Combined_Corporate[Total scope 2 emissions (t CO2-e)],Combined_Corporate[Organisation name],$C12,Combined_Corporate[Year],E$1))) -> 86273 | F12: =IF($D12="Scope 1",SUMIFS(Combined_Corporate[Total scope 1 emissions (t CO2-e)],Combined_Corporate[Organisation name],$C12,Combined_Corporate[Year],F$1),IF($D12="Scope 2",SUMIFS(Combined_Corporate[Total scope 2 emissions (t CO2-e)],Combined_Corporate[Organisation name],$C12,Combined_Corporate[Year],F$1),SUMIFS(Combined_Corporate[Total scope 1 emissions (t CO2-e)],Combined_Corporate[Organisation name],$C12,Combined_Corporate[Year],F$1)+SUMIFS(Combined_Corporate[Total scope 2 emissions (t CO2-e)],Combined_Corporate[Organisation name],$C12,Combined_Corporate[Year],F$1))) -> 52876 | G12: =IF($D12="Scope 1",SUMIFS(Combined_Corporate[Total scope 1 emissions (t CO2-e)],Combined_Corporate[Organisation name],$C12,Combined_Corporate[Year],G$1),IF($D12="Scope 2",SUMIFS(Combined_Corporate[Total scope 2 emissions (t CO2-e)],Combined_Corporate[Organisation name],$C12,Combined_Corporate[Year],G$1),SUMIFS(Combined_Corporate[Total scope 1 emissions (t CO2-e)],Combined_Corporate[Organisation name],$C12,Combined_Corporate[Year],G$1)+SUMIFS(Combined_Corporate[Total scope 2 emissions (t CO2-e)],Combined_Corporate[Organisation name],$C12,Combined_Corporate[Year],G$1))) -> 62765 | H12: =F12/E12-1 -> -0.38710837 | I12: =G12/F12-1 -> 0.18702247 | J12: =G12/E12-1 -> -0.27248386
A13: TasNetworks | B13: TAS | C13: TASMANIAN NETWORKS* | D13: Total | E13: =IF($D13="Scope 1",SUMIFS(Combined_Corporate[Total scope 1 emissions (t CO2-e)],Combined_Corporate[Organisation name],$C13,Combined_Corporate[Year],E$1),IF($D13="Scope 2",SUMIFS(Combined_Corporate[Total scope 2 emissions (t CO2-e)],Combined_Corporate[Organisation name],$C13,Combined_Corporate[Year],E$1),SUMIFS(Combined_Corporate[Total scope 1 emissions (t CO2-e)],Combined_Corporate[Organisation name],$C13,Combined_Corporate[Year],E$1)+SUMIFS(Combined_Corporate[Total scope 2 emissions (t CO2-e)],Combined_Corporate[Organisation name],$C13,Combined_Corporate[Year],E$1))) -> 93884 | F13: =IF($D13="Scope 1",SUMIFS(Combined_Corporate[Total scope 1 emissions (t CO2-e)],Combined_Corporate[Organisation name],$C13,Combined_Corporate[Year],F$1),IF($D13="Scope 2",SUMIFS(Combined_Corporate[Total scope 2 emissions (t CO2-e)],Combined_Corporate[Organisation name],$C13,Combined_Corporate[Year],F$1),SUMIFS(Combined_Corporate[Total scope 1 emissions (t CO2-e)],Combined_Corporate[Organisation name],$C13,Combined_Corporate[Year],F$1)+SUMIFS(Combined_Corporate[Total scope 2 emissions (t CO2-e)],Combined_Corporate[Organisation name],$C13,Combined_Corporate[Year],F$1))) -> 60645 | G13: =IF($D13="Scope 1",SUMIFS(Combined_Corporate[Total scope 1 emissions (t CO2-e)],Combined_Corporate[Organisation name],$C13,Combined_Corporate[Year],G$1),IF($D13="Scope 2",SUMIFS(Combined_Corporate[Total scope 2 emissions (t CO2-e)],Combined_Corporate[Organisation name],$C13,Combined_Corporate[Year],G$1),SUMIFS(Combined_Corporate[Total scope 1 emissions (t CO2-e)],Combined_Corporate[Organisation name],$C13,Combined_Corporate[Year],G$1)+SUMIFS(Combined_Corporate[Total scope 2 emissions (t CO2-e)],Combined_Corporate[Organisation name],$C13,Combined_Corporate[Year],G$1))) -> 70382 | H13: =F13/E13-1 -> -0.35404329 | I13: =G13/F13-1 -> 0.16055734 | J13: =G13/E13-1 -> -0.25033019 | K13: Total fell 35.4% in 2023-24, then rose 16.1% in 2024-25. | L13: The movement was driven by Scope 2 (86,273 to 52,876 t CO2-e). The cause is not stated. | M13: What caused the Scope 2 fall in 2023-24?

Sheet Facilities
A1: Reporting entity | B1: Facility name | C1: Type | D1: State | E1: Electricity production (MWh) | F1: Total scope 1 emissions (t CO2-e) | G1: Primary fuel | H1: Year
A2: ACCIONA ENERGY OCEANIA PTY LTD | B2: Cathedral Rocks Wind Farm | C2: F | D2: SA | E2: 133874.49 | F2: 57 | G2: Wind | H2: 2023-24
A3: ACCIONA ENERGY OCEANIA PTY LTD | B3: Gunning Wind Farm | C3: F | D3: NSW | E3: 136502.4 | F3: 50 | G3: Wind | H3: 2023-24
A4: ACCIONA ENERGY OCEANIA PTY LTD | B4: Mortlake South Wind Farm | C4: F | D4: VIC | E4: 283153.4 | F4: 202 | G4: Wind | H4: 2023-24
A5: ACCIONA ENERGY OCEANIA PTY LTD | B5: Mt Gellibrand Wind Farm | C5: F | D5: VIC | E5: 284847.37 | F5: 99 | G5: Wind | H5: 2023-24
A6: ACCIONA ENERGY OCEANIA PTY LTD | B6: Waubra Wind Farm | C6: F | D6: VIC | E6: 543045.72 | F6: 186 | G6: Wind | H6: 2023-24
A7: ACCIONA ENERGY OCEANIA PTY LTD | B7: Corporate Total | C7: C | D7: - | E7: 1381423.4 | F7: 594 | G7: - | H7: 2023-24
A8: ACEN AUSTRALIA PTY LTD | B8: New England Solar Farm | C8: F | D8: NSW | E8: 822340.01 | F8: 53 | G8: Solar | H8: 2023-24
A9: ACEN AUSTRALIA PTY LTD | B9: Corporate Total | C9: C | D9: - | E9: 822340.01 | F9: 53 | G9: - | H9: 2023-24
A10: ADANI RENEWABLE ASSET HOLDINGS PTY LTD | B10: Adani Rugby Run Solar Farm | C10: F | D10: QLD | E10: 158386.9 | F10: 0 | G10: Solar | H10: 2023-24
A11: ADANI RENEWABLE ASSET HOLDINGS PTY LTD | B11: Corporate Total | C11: C | D11: - | E11: 158386.9 | F11: 0 | G11: - | H11: 2023-24
A12: AGL ENERGY LIMITED | B12: Banimboola Hydro | C12: F | D12: VIC | E12: 25489.691 | F12: 0 | G12: Hydro | H12: 2023-24
A13: AGL ENERGY LIMITED | B13: Barker Inlet Power Station | C13: F | D13: SA | E13: 284768.71 | F13: 163814 | G13: Gas | H13: 2023-24
... A1587: Grid Connected Total | B1587: - | C1587: - | D1587: - | E1587: 2.1535405e+08 | F1587: 133700664 | G1587: - | H1587: 2024-25

Sheet Table1
A1: Reporting entity | B1: Facility name | C1: Type | D1: State | E1: Electricity production (MWh) | F1: Total scope 1 emissions (t CO2-e) | G1: Primary fuel | H1: Year
A2: ACCIONA ENERGY AUSTRALIA GLOBAL PTY LTD | B2: Aldoga Solar Farm Pty Ltd | C2: F | D2: QLD | E2: 30416.509 | F2: 2980 | G2: Solar | H2: 2024-25
A3: ACCIONA ENERGY AUSTRALIA GLOBAL PTY LTD | B3: Cathedral Rocks Wind Farm Pty Ltd | C3: F | D3: SA | E3: 153569.52 | F3: 49 | G3: Wind | H3: 2024-25
A4: ACCIONA ENERGY AUSTRALIA GLOBAL PTY LTD | B4: Gunning Wind Energy Developments Pty Ltd | C4: F | D4: NSW | E4: 153846.23 | F4: 50 | G4: Wind | H4: 2024-25
A5: ACCIONA ENERGY AUSTRALIA GLOBAL PTY LTD | B5: MacIntyre Wind Farm Pty Ltd | C5: F | D5: QLD | E5: 269019.42 | F5: 4039 | G5: Wind | H5: 2024-25
A6: ACCIONA ENERGY AUSTRALIA GLOBAL PTY LTD | B6: Mortlake South Wind Farm | C6: F | D6: VIC | E6: 413950.28 | F6: 181 | G6: Wind | H6: 2024-25
A7: ACCIONA ENERGY AUSTRALIA GLOBAL PTY LTD | B7: MT. GELLIBRAND WIND FARM PTY LTD | C7: F | D7: VIC | E7: 315983.65 | F7: 84 | G7: Wind | H7: 2024-25
A8: ACCIONA ENERGY AUSTRALIA GLOBAL PTY LTD | B8: Pyrenees Wind Energy Development Pty Ltd | C8: F | D8: VIC | E8: 606773.43 | F8: 177 | G8: Wind | H8: 2024-25
A9: ACCIONA ENERGY AUSTRALIA GLOBAL PTY LTD | B9: Corporate Total | C9: C | D9: - | E9: 1943559 | F9: 7560 | G9: - | H9: 2024-25
A10: ACEN AUSTRALIA PTY LTD | B10: New England Solar | C10: F | D10: NSW | E10: 744983.47 | F10: 213 | G10: Solar | H10: 2024-25
A11: ACEN AUSTRALIA PTY LTD | B11: Stubbo Solar | C11: F | D11: NSW | E11: 167378.73 | F11: 0 | G11: Solar | H11: 2024-25
A12: ACEN AUSTRALIA PTY LTD | B12: Corporate Total | C12: C | D12: - | E12: 912362.2 | F12: 213 | G12: - | H12: 2024-25
A13: ADANI RENEWABLE ASSET HOLDINGS PTY LTD | B13: Adani Rugby Run Solar Farm | C13: F | D13: QLD | E13: 146811.62 | F13: 0 | G13: Solar | H13: 2024-25
... A812: Grid Connected Total | B812: - | C812: - | D812: - | E812: 2.1535405e+08 | F812: 133700664 | G812: - | H812: 2024-25

Sheet Data_Greenhouse_and_energy_info
A1: Reporting entity | B1: Facility name | C1: Type | D1: State | E1: Electricity production (MWh) | F1: Total scope 1 emissions (t CO2-e) | G1: Primary fuel | H1: Year
A2: ACCIONA ENERGY OCEANIA PTY LTD | B2: Cathedral Rocks Wind Farm | C2: F | D2: SA | E2: 133874.49 | F2: 57 | G2: Wind | H2: 2023-24
A3: ACCIONA ENERGY OCEANIA PTY LTD | B3: Gunning Wind Farm | C3: F | D3: NSW | E3: 136502.4 | F3: 50 | G3: Wind | H3: 2023-24
A4: ACCIONA ENERGY OCEANIA PTY LTD | B4: Mortlake South Wind Farm | C4: F | D4: VIC | E4: 283153.4 | F4: 202 | G4: Wind | H4: 2023-24
A5: ACCIONA ENERGY OCEANIA PTY LTD | B5: Mt Gellibrand Wind Farm | C5: F | D5: VIC | E5: 284847.37 | F5: 99 | G5: Wind | H5: 2023-24
A6: ACCIONA ENERGY OCEANIA PTY LTD | B6: Waubra Wind Farm | C6: F | D6: VIC | E6: 543045.72 | F6: 186 | G6: Wind | H6: 2023-24
A7: ACCIONA ENERGY OCEANIA PTY LTD | B7: Corporate Total | C7: C | D7: - | E7: 1381423.4 | F7: 594 | G7: - | H7: 2023-24
A8: ACEN AUSTRALIA PTY LTD | B8: New England Solar Farm | C8: F | D8: NSW | E8: 822340.01 | F8: 53 | G8: Solar | H8: 2023-24
A9: ACEN AUSTRALIA PTY LTD | B9: Corporate Total | C9: C | D9: - | E9: 822340.01 | F9: 53 | G9: - | H9: 2023-24
A10: ADANI RENEWABLE ASSET HOLDINGS PTY LTD | B10: Adani Rugby Run Solar Farm | C10: F | D10: QLD | E10: 158386.9 | F10: 0 | G10: Solar | H10: 2023-24
A11: ADANI RENEWABLE ASSET HOLDINGS PTY LTD | B11: Corporate Total | C11: C | D11: - | E11: 158386.9 | F11: 0 | G11: - | H11: 2023-24
A12: AGL ENERGY LIMITED | B12: Banimboola Hydro | C12: F | D12: VIC | E12: 25489.691 | F12: 0 | G12: Hydro | H12: 2023-24
A13: AGL ENERGY LIMITED | B13: Barker Inlet Power Station | C13: F | D13: SA | E13: 284768.71 | F13: 163814 | G13: Gas | H13: 2023-24
... A776: YATPOOL SOLAR FARM HOLDCO PTY LTD | B776: Corporate Total | C776: C | D776: - | E776: 128062.41 | F776: 0 | G776: - | H776: 2023-24

Sheet SA_Generation_Intensity
A1: State | B1: MWh 2023-24 | C1: Scope 1 2023-24 (t) | D1: Intensity 2023-24 | E1: MWh 2024-25 | F1: Scope 1 2024-25 (t) | G1: Intensity 2024-25 | H1: Change
A2: SA | B2: =SUMIFS(Facilities[Electricity production (MWh)],Facilities[State],$A2,Facilities[Type],"F",Facilities[Year],"2023-24") -> 10542099 | C2: =SUMIFS(Facilities[Total scope 1 emissions (t CO2-e)],Facilities[State],$A2,Facilities[Type],"F",Facilities[Year],"2023-24") -> 1686237 | D2: =IFERROR(C2/B2,0) -> 0.15995268 | E2: =SUMIFS(Facilities[Electricity production (MWh)],Facilities[State],$A2,Facilities[Type],"F",Facilities[Year],"2024-25") -> 10672440 | F2: =SUMIFS(Facilities[Total scope 1 emissions (t CO2-e)],Facilities[State],$A2,Facilities[Type],"F",Facilities[Year],"2024-25") -> 1683634 | G2: =IFERROR(F2/E2,0) -> 0.1577553 | H2: =G2/D2-1 -> -0.013737721
A3: NSW | B3: =SUMIFS(Facilities[Electricity production (MWh)],Facilities[State],$A3,Facilities[Type],"F",Facilities[Year],"2023-24") -> 65088614 | C3: =SUMIFS(Facilities[Total scope 1 emissions (t CO2-e)],Facilities[State],$A3,Facilities[Type],"F",Facilities[Year],"2023-24") -> 40972999 | D3: =IFERROR(C3/B3,0) -> 0.62949564 | E3: =SUMIFS(Facilities[Electricity production (MWh)],Facilities[State],$A3,Facilities[Type],"F",Facilities[Year],"2024-25") -> 67052449 | F3: =SUMIFS(Facilities[Total scope 1 emissions (t CO2-e)],Facilities[State],$A3,Facilities[Type],"F",Facilities[Year],"2024-25") -> 39991626 | G3: =IFERROR(F3/E3,0) -> 0.59642305 | H3: =G3/D3-1 -> -0.052538239
A4: QLD | B4: =SUMIFS(Facilities[Electricity production (MWh)],Facilities[State],$A4,Facilities[Type],"F",Facilities[Year],"2023-24") -> 59601416 | C4: =SUMIFS(Facilities[Total scope 1 emissions (t CO2-e)],Facilities[State],$A4,Facilities[Type],"F",Facilities[Year],"2023-24") -> 41951141 | D4: =IFERROR(C4/B4,0) -> 0.70386149 | E4: =SUMIFS(Facilities[Electricity production (MWh)],Facilities[State],$A4,Facilities[Type],"F",Facilities[Year],"2024-25") -> 62367282 | F4: =SUMIFS(Facilities[Total scope 1 emissions (t CO2-e)],Facilities[State],$A4,Facilities[Type],"F",Facilities[Year],"2024-25") -> 44055783 | G4: =IFERROR(F4/E4,0) -> 0.70639254 | H4: =G4/D4-1 -> 0.0035959598
A5: VIC | B5: =SUMIFS(Facilities[Electricity production (MWh)],Facilities[State],$A5,Facilities[Type],"F",Facilities[Year],"2023-24") -> 46713480 | C5: =SUMIFS(Facilities[Total scope 1 emissions (t CO2-e)],Facilities[State],$A5,Facilities[Type],"F",Facilities[Year],"2023-24") -> 39145523 | D5: =IFERROR(C5/B5,0) -> 0.83799201 | E5: =SUMIFS(Facilities[Electricity production (MWh)],Facilities[State],$A5,Facilities[Type],"F",Facilities[Year],"2024-25") -> 47277417 | F5: =SUMIFS(Facilities[Total scope 1 emissions (t CO2-e)],Facilities[State],$A5,Facilities[Type],"F",Facilities[Year],"2024-25") -> 38010517 | G5: =IFERROR(F5/E5,0) -> 0.80398886 | H5: =G5/D5-1 -> -0.040576939
A6: WA | B6: =SUMIFS(Facilities[Electricity production (MWh)],Facilities[State],$A6,Facilities[Type],"F",Facilities[Year],"2023-24") -> 25129551 | C6: =SUMIFS(Facilities[Total scope 1 emissions (t CO2-e)],Facilities[State],$A6,Facilities[Type],"F",Facilities[Year],"2023-24") -> 14431690 | D6: =IFERROR(C6/B6,0) -> 0.57429159 | E6: =SUMIFS(Facilities[Electricity production (MWh)],Facilities[State],$A6,Facilities[Type],"F",Facilities[Year],"2024-25") -> 25331006 | F6: =SUMIFS(Facilities[Total scope 1 emissions (t CO2-e)],Facilities[State],$A6,Facilities[Type],"F",Facilities[Year],"2024-25") -> 14341240 | G6: =IFERROR(F6/E6,0) -> 0.5661536 | H6: =G6/D6-1 -> -0.014170484
A7: TAS | B7: =SUMIFS(Facilities[Electricity production (MWh)],Facilities[State],$A7,Facilities[Type],"F",Facilities[Year],"2023-24") -> 9719750.1 | C7: =SUMIFS(Facilities[Total scope 1 emissions (t CO2-e)],Facilities[State],$A7,Facilities[Type],"F",Facilities[Year],"2023-24") -> 125440 | D7: =IFERROR(C7/B7,0) -> 0.012905682 | E7: =SUMIFS(Facilities[Electricity production (MWh)],Facilities[State],$A7,Facilities[Type],"F",Facilities[Year],"2024-25") -> 8716777.8 | F7: =SUMIFS(Facilities[Total scope 1 emissions (t CO2-e)],Facilities[State],$A7,Facilities[Type],"F",Facilities[Year],"2024-25") -> 148074 | G7: =IFERROR(F7/E7,0) -> 0.01698724 | H7: =G7/D7-1 -> 0.31626062
A8: NT | B8: =SUMIFS(Facilities[Electricity production (MWh)],Facilities[State],$A8,Facilities[Type],"F",Facilities[Year],"2023-24") -> 2300927.8 | C8: =SUMIFS(Facilities[Total scope 1 emissions (t CO2-e)],Facilities[State],$A8,Facilities[Type],"F",Facilities[Year],"2023-24") -> 1264413 | D8: =IFERROR(C8/B8,0) -> 0.54952312 | E8: =SUMIFS(Facilities[Electricity production (MWh)],Facilities[State],$A8,Facilities[Type],"F",Facilities[Year],"2024-25") -> 2229595.6 | F8: =SUMIFS(Facilities[Total scope 1 emissions (t CO2-e)],Facilities[State],$A8,Facilities[Type],"F",Facilities[Year],"2024-25") -> 1285326 | G8: =IFERROR(F8/E8,0) -> 0.57648391 | H8: =G8/D8-1 -> 0.049062163
A9: ACT | B9: =SUMIFS(Facilities[Electricity production (MWh)],Facilities[State],$A9,Facilities[Type],"F",Facilities[Year],"2023-24") -> 224555.77 | C9: =SUMIFS(Facilities[Total scope 1 emissions (t CO2-e)],Facilities[State],$A9,Facilities[Type],"F",Facilities[Year],"2023-24") -> 4352 | D9: =IFERROR(C9/B9,0) -> 0.019380487 | E9: =SUMIFS(Facilities[Electricity production (MWh)],Facilities[State],$A9,Facilities[Type],"F",Facilities[Year],"2024-25") -> 457330.48 | F9: =SUMIFS(Facilities[Total scope 1 emissions (t CO2-e)],Facilities[State],$A9,Facilities[Type],"F",Facilities[Year],"2024-25") -> 4817 | G9: =IFERROR(F9/E9,0) -> 0.010532864 | H9: =G9/D9-1 -> -0.45652218
A12: SA fuel (2024-25) | B12: MWh | C12: Share of SA generation | D12: Scope 1 (t) | E12: Intensity
A13: Wind | B13: =SUMIFS(Facilities[Electricity production (MWh)],Facilities[State],"SA",Facilities[Type],"F",Facilities[Year],"2024-25",Facilities[Primary fuel],$A13) -> 6553411.7 | C13: =B13/SUM($B$13:$B$18) -> 0.61404998 | D13: =SUMIFS(Facilities[Total scope 1 emissions (t CO2-e)],Facilities[State],"SA",Facilities[Type],"F",Facilities[Year],"2024-25",Facilities[Primary fuel],$A13) -> 4469 | E13: =IFERROR(D13/B13,"n/a") -> 0.00068193488
A14: Gas | B14: =SUMIFS(Facilities[Electricity production (MWh)],Facilities[State],"SA",Facilities[Type],"F",Facilities[Year],"2024-25",Facilities[Primary fuel],$A14) -> 3171581.3 | C14: =B14/SUM($B$13:$B$18) -> 0.29717489 | D14: =SUMIFS(Facilities[Total scope 1 emissions (t CO2-e)],Facilities[State],"SA",Facilities[Type],"F",Facilities[Year],"2024-25",Facilities[Primary fuel],$A14) -> 1646445 | E14: =IFERROR(D14/B14,"n/a") -> 0.51912433
A15: Solar | B15: =SUMIFS(Facilities[Electricity production (MWh)],Facilities[State],"SA",Facilities[Type],"F",Facilities[Year],"2024-25",Facilities[Primary fuel],$A15) -> 857352.94 | C15: =B15/SUM($B$13:$B$18) -> 0.080333356 | D15: =SUMIFS(Facilities[Total scope 1 emissions (t CO2-e)],Facilities[State],"SA",Facilities[Type],"F",Facilities[Year],"2024-25",Facilities[Primary fuel],$A15) -> 171 | E15: =IFERROR(D15/B15,"n/a") -> 0.00019945112
A16: Diesel | B16: =SUMIFS(Facilities[Electricity production (MWh)],Facilities[State],"SA",Facilities[Type],"F",Facilities[Year],"2024-25",Facilities[Primary fuel],$A16) -> 50137.519 | C16: =B16/SUM($B$13:$B$18) -> 0.0046978496 | D16: =SUMIFS(Facilities[Total scope 1 emissions (t CO2-e)],Facilities[State],"SA",Facilities[Type],"F",Facilities[Year],"2024-25",Facilities[Primary fuel],$A16) -> 27540 | E16: =IFERROR(D16/B16,"n/a") -> 0.54928924
A17: Landfill Gas | B17: =SUMIFS(Facilities[Electricity production (MWh)],Facilities[State],"SA",Facilities[Type],"F",Facilities[Year],"2024-25",Facilities[Primary fuel],$A17) -> 39956.804 | C17: =B17/SUM($B$13:$B$18) -> 0.0037439239 | D17: =SUMIFS(Facilities[Total scope 1 emissions (t CO2-e)],Facilities[State],"SA",Facilities[Type],"F",Facilities[Year],"2024-25",Facilities[Primary fuel],$A17) -> 3367 | E17: =IFERROR(D17/B17,"n/a") -> 0.084265999
A18: Battery | B18: =SUMIFS(Facilities[Electricity production (MWh)],Facilities[State],"SA",Facilities[Type],"F",Facilities[Year],"2024-25",Facilities[Primary fuel],$A18) -> 0 | C18: =B18/SUM($B$13:$B$18) -> 0 | D18: =SUMIFS(Facilities[Total scope 1 emissions (t CO2-e)],Facilities[State],"SA",Facilities[Type],"F",Facilities[Year],"2024-25",Facilities[Primary fuel],$A18) -> 1642 | E18: =IFERROR(D18/B18,"n/a") -> n/a

Sheet Limitations
B1: Limitation | C1: Impact on analysis
A2: L1 | B2: NGER data covers only corporations above the NGER reporting thresholds. | C2: Smaller companies are not included, so totals do not represent all Australian emissions.
A3: L2 | B3: Scope 2 emissions depend on grid emission factors, which change each year. | C3: A fall in Scope 2 may reflect a cleaner grid rather than lower electricity use.
A4: L3 | B4: Reporting entities can change name, ABN or boundary between years (e.g. Transgrid, see R4). | C4: Year-on-year changes may partly reflect boundary changes, not real emission changes.
A5: L4 | B5: Some facilities are reported by more than one corporation (e.g. Callide C Power Station, see R3). | C5: State totals that include duplicated facilities overstate generation and emissions (QLD in 2024-25).
A6: L5 | B6: Intensity is calculated as Scope 1 ÷ electricity production, using the CER definition. | C6: Scope 2 is excluded, so intensity is not a full life-cycle measure.
A7: L6 | B7: Batteries report zero electricity production but some Scope 1 emissions. | C7: Intensity cannot be calculated for batteries and is shown as n/a.
A8: L7 | B8: Only three reporting years (corporate) and two years (facility) are analysed. | C8: Trends are short-term and may not reflect long-term direction.
A9: L8 | B9: The dataset does not explain why emissions changed. | C9: Findings report what changed; causes are listed as questions for management, not as conclusions.

Sheet Board_Report
A1: Board Report – Transmission Network Emissions (NGER 2022-23 to 2024-25)
A4: Source: Clean Energy Regulator NGER published data (data as at 27/02/2026) | Prepared by Keerthi Ajantha Kuchipudi
A7: ElectraNet total emissions 2024-25 (t CO2-e) | B7: Change in total, 2 years | C7: Change in Scope 1, 2 years | D7: SA generation intensity 2024-25 (t/MWh) | E7: Data quality checks passed
A8: =Company_Trends!G4 -> 107923 | B8: =Company_Trends!J4 -> -0.090791912 | C8: =Company_Trends!J2 -> 0.69923161 | D8: =SA_Generation_Intensity!G2 -> 0.1577553 | E8: =COUNTIF(Data_QA!D2:D12,"PASS")&" / 11" -> 11 / 11
A26: Key findings
A27: 1. ElectraNet's total emissions fell 9.1% over two years, from 118,700 to 107,923 t CO2-e.
A28: 2. ElectraNet's Scope 1 emissions rose 69.9% (2,733 to 4,644 t CO2-e), lifting their share of total emissions from 2.3% to 4.3%.
A29: 3. SA generation intensity was 0.158 t CO2-e/MWh in 2024-25, the lowest of the mainland states, with wind supplying 61% of SA generation.
A31: Data quality risks
A32: 1. Callide C Power Station is reported by two corporations, which duplicates 4.2 million MWh in 2024-25 national facility totals.
A33: 2. Transgrid changed its reporting entity and ABN in 2023-24, so its year-on-year movements may reflect a boundary change.
A35: Questions for management
A36: 1. What is driving the increase in ElectraNet's Scope 1 emissions, and is it expected to continue?
A37: 2. How much of the fall in Scope 2 reflects lower grid emission factors rather than operational changes?
A38: 3. Should Scope 1 reduction actions be prioritised as Scope 2 continues to fall?
